{
    "ProcessLogs": [  {
        "pl_id": 71830547,
        "pl_date": "04/12/2018 12:08:22 PM",
        "pl_status": "B",
        "pl_desc": "IPSS_ICS_SIMDB",
        "pl_msg": "Data transformation between IPSS to SIMDB Started",
        "pl_action": "Process Start",
        "pl_ss_code": "ICS",
        "pl_src_id": "subraja.a",
        "pl_session_id": 846756
    },
    {
        "pl_id": 71830547,
        "pl_date": "04/12/2018 12:28:45 PM",
        "pl_status": "E",
        "pl_desc": "IPSS_ICS_SIMDB",
        "pl_msg": "Data transformation between IPSS to SIMDB Ended",
        "pl_action": "Process End",
        "pl_ss_code": "ICS",
        "pl_src_id": "subraja.a",
        "pl_session_id": 846756
    }],
    "ErrorLogs":[
        {
        "el_id":  4192552,
        "el_date": "04/12/2018 12:28:03 PM",
        "el_error_type": "Microsoft.Exchange.WebServices.Data.ServiceResponseException",
        "el_error_msg": "At least one recipient isn't valid.",
        "el_error_trace": "at Microsoft.Exchange.WebServices.Data.ServiceResponse.InternalThrowIfNecessary() /n at Microsoft.Exchange.WebServices.Data.ServiceResponse.ThrowIfNecessary() /n at Microsoft.Exchange.WebServices.Data.MultiResponseServiceRequest`1.Execute() /n at Microsoft.Exchange.WebServices.Data.ExchangeService.SendItem(Item item, FolderId savedCopyDestinationFolderId) /n at Microsoft.Exchange.WebServices.Data.EmailMessage.InternalSend(FolderId parentFolderId, MessageDisposition messageDisposition /n at Microsoft.Exchange.WebServices.Data.EmailMessage.SendAndSaveCopy()/n at AppShared.MailManager.SendMailUsingExchangeService(EmailDetails emailDetails /n at AppShared.MailManager.SendEmail(EmailDetails emailDetails)/n at IcsWebServices.Utility.ICSMailManager.SendEmail(SimSetEmailContent emailContent) in d:\\CAS IT TnFS IT\\TrainingOperations\\ICS\\Dev\\ICSWebServices\\GenericICSWebService\\IcsWebServices\\Utility\\ICSMailManager.cs:line 31", 
        "el_error_src": "IPSS_TO_SIMDB",
        "el_error_all": "IPSS_TO_SIMDB.SendEmail()",
        "el_user_login": "subraja.a",
        "el_session_id": 846756
        },
        {
        "el_id":  4192553,
        "el_date": "04/12/2018 12:28:03 PM",  
        "el_error_type": "Database Error",
        "el_error_msg": "Object reference not set to an instance of an object.",
        "el_error_trace": " at AppShared.OracleManager.ExecuteDbCommand_NonQuery() at CclToIpss.DataAccessManager.ScheduleDataCclToIcsDL.UpdateHasXMLErrorForEmailAttachment(Int32 emailAttachmentId, String xmlError) in d:\\CAS IT TnFS IT\\TrainingOperations\\ICS\\Dev\\CCL\\CCL_To_ICS\\CCL_To_ICS\\DataAccess Manager\\ScheduleDataCclToIcsDL.cs:line 297",
        "el_error_src": "IPSS_TO_SIMDB",
        "el_error_all": "IPSS_TO_SIMDB.SendEmail()",
        "el_user_login": "subraja.a",
        "el_session_id": 846756
        }]
}